-- MySQL dump 10.19  Distrib 10.3.29-MariaDB, for debian-linux-gnu (x86_64)
--
-- Host: svntfrkroot.mysql.db    Database: svntfrkroot
-- ------------------------------------------------------
-- Server version	5.6.50-log

/*!40101 SET @OLD_CHARACTER_SET_CLIENT=@@CHARACTER_SET_CLIENT */;
/*!40101 SET @OLD_CHARACTER_SET_RESULTS=@@CHARACTER_SET_RESULTS */;
/*!40101 SET @OLD_COLLATION_CONNECTION=@@COLLATION_CONNECTION */;
/*!40101 SET NAMES utf8mb4 */;
/*!40103 SET @OLD_TIME_ZONE=@@TIME_ZONE */;
/*!40103 SET TIME_ZONE='+00:00' */;
/*!40014 SET @OLD_UNIQUE_CHECKS=@@UNIQUE_CHECKS, UNIQUE_CHECKS=0 */;
/*!40014 SET @OLD_FOREIGN_KEY_CHECKS=@@FOREIGN_KEY_CHECKS, FOREIGN_KEY_CHECKS=0 */;
/*!40101 SET @OLD_SQL_MODE=@@SQL_MODE, SQL_MODE='NO_AUTO_VALUE_ON_ZERO' */;
/*!40111 SET @OLD_SQL_NOTES=@@SQL_NOTES, SQL_NOTES=0 */;

--
-- Table structure for table `assoc`
--

DROP TABLE IF EXISTS `assoc`;
/*!40101 SET @saved_cs_client     = @@character_set_client */;
/*!40101 SET character_set_client = utf8 */;
CREATE TABLE `assoc` (
  `id` int(10) unsigned NOT NULL AUTO_INCREMENT,
  `ville_id` int(10) unsigned NOT NULL,
  `nom` varchar(128) COLLATE utf8mb4_unicode_ci NOT NULL,
  `description` mediumtext COLLATE utf8mb4_unicode_ci,
  `telephone` varchar(32) COLLATE utf8mb4_unicode_ci DEFAULT NULL,
  `adresse` varchar(255) COLLATE utf8mb4_unicode_ci NOT NULL,
  `longitude` varchar(32) COLLATE utf8mb4_unicode_ci DEFAULT NULL,
  `latitude` varchar(32) COLLATE utf8mb4_unicode_ci DEFAULT NULL,
  `homme` tinyint(1) DEFAULT NULL,
  `femme` tinyint(1) DEFAULT NULL,
  `chien` tinyint(1) DEFAULT NULL,
  `handicap` tinyint(1) DEFAULT NULL,
  `created_at` datetime NOT NULL,
  `updated_at` datetime NOT NULL,
  PRIMARY KEY (`id`),
  UNIQUE KEY `UNIQ_7B9337116C6E55B5` (`nom`),
  KEY `fk_assoc_ville` (`ville_id`),
  CONSTRAINT `FK_7B933711A73F0036` FOREIGN KEY (`ville_id`) REFERENCES `ville` (`id`) ON DELETE CASCADE
) ENGINE=InnoDB AUTO_INCREMENT=90 DEFAULT CHARSET=utf8mb4 COLLATE=utf8mb4_unicode_ci;
/*!40101 SET character_set_client = @saved_cs_client */;

--
-- Dumping data for table `assoc`
--

LOCK TABLES `assoc` WRITE;
/*!40000 ALTER TABLE `assoc` DISABLE KEYS */;
INSERT INTO `assoc` VALUES (41,4,'Martinez S.A.','Molestiae nesciunt earum culpa sit est. Et culpa laboriosam quas incidunt dolorum aut fuga. Voluptatum dolore nostrum aut molestiae dolorem. Dolores fuga nihil qui magnam earum sint.','+33 7 45 71 55 29','chemin Seguin\n19739 Goncalves-les-Bains','31.539742','1.033944',0,0,0,0,'2021-01-07 17:00:23','2021-01-07 17:00:23'),(45,4,'Charles','Fuga ea qui quidem fugiat. Libero cum fugiat voluptates ut et. Aliquam ut id vel veritatis libero. Quia iste quos cum voluptatem dolores aliquam unde.','+33 (0)6 69 33 75 61','84, rue Bernard Rocher\n85515 PottierBourg','-95.732746','66.675851',1,1,0,0,'2021-01-07 17:00:23','2021-01-07 17:00:23'),(48,4,'Dumas Leroy S.A.S.','Facere ut perferendis omnis officiis ullam. Id at et voluptatem odit animi in porro autem. Officia ex magnam necessitatibus delectus aut pariatur molestiae et.','+33 1 01 31 85 59','4, chemin de Breton\n59956 Charpentierboeuf','-75.719618','51.562455',0,0,1,1,'2021-01-07 17:00:23','2021-01-07 17:00:23'),(50,4,'Joly et Fils','Aut quidem atque est iure architecto totam eius laborum. Ea assumenda atque animi doloremque fuga consequatur animi. Ducimus eum assumenda magni doloremque nesciunt voluptatem.','+33 4 06 23 94 29','13, chemin Isabelle Denis\n69477 Merle-sur-Mace','134.813205','76.058332',1,1,0,0,'2021-01-07 17:00:23','2021-01-07 17:00:23'),(52,4,'Gregoire S.A.S.','Commodi tempore ullam sed voluptate. Inventore in quam consectetur et sed. Quis illum exercitationem quam eaque harum soluta quibusdam aut.','0213102613','503, rue de Renault\n18812 Lecomte','-120.787651','53.202314',0,0,0,0,'2021-01-07 17:00:23','2021-01-07 17:38:04'),(53,4,'Lambert Boulay SARL','Fugiat pariatur molestiae libero iure velit sit. Et officiis fugiat possimus ut aut. Dolorem quos autem omnis rem enim nobis qui.','+33 (0)8 22 58 10 88','901, chemin Patricia Petit\n85 970 Levydan','-176.461065','-71.152114',0,0,1,0,'2021-01-07 17:00:23','2021-01-07 17:00:23'),(54,3,'Huet Guillot SAS','Voluptas quaerat culpa aut est facere corrupti. Perferendis est quia expedita eaque sunt eos itaque. Tempore eum et illum ratione. Ducimus aut culpa voluptas veritatis consequatur qui.','0804890878','86, impasse de Faure\n65 483 Torres','80.494206','89.082322',0,0,1,1,'2021-01-07 17:00:23','2021-01-07 17:00:23'),(55,3,'Boutin','Ut voluptas omnis dolorem optio voluptatibus eum. Reprehenderit et earum numquam non quibusdam dicta. Quam est eveniet eaque natus quibusdam. Alias quos molestiae cum consequatur adipisci.','0114286711','19, rue de Gillet\n11587 Bouchetdan','-8.504558','-14.90065',1,1,1,1,'2021-01-07 17:00:23','2021-01-07 17:00:23'),(56,3,'Da Silva Vidal S.A.S.','In et cupiditate commodi quos et aut molestiae. Voluptas sed vitae sed dolorem. Quisquam libero sunt fugiat deleniti exercitationem maiores eum. Voluptates dolorem est molestiae voluptas.','+33 (0)9 16 01 47 52','42, chemin Manon Paris\n11 791 Lefebvre','-86.809117','7.710157',0,1,1,0,'2021-01-07 17:00:23','2021-01-07 17:00:23'),(57,4,'Rodriguez','Sequi pariatur et expedita impedit excepturi nobis veniam. Sapiente corrupti quo odit quo est. Est id pariatur quas aut velit. Quis magni recusandae delectus dicta aperiam.','0679080796','50, impasse de Le Gall\n58917 Didier','-39.847088','-11.894231',1,1,1,0,'2021-01-07 17:00:23','2021-01-07 17:00:23'),(58,3,'Marechal','Aut aspernatur dolor dolor temporibus. Animi quia totam dignissimos saepe nihil quo vel expedita. Commodi veniam quasi ut distinctio facere similique.','0617654303','24, boulevard Thérèse Devaux\n23 089 Gros-les-Bains','-102.331249','15.337018',0,1,0,1,'2021-01-07 17:00:23','2021-01-07 17:00:23'),(59,4,'Reynaud','Veritatis id ipsam culpa ea. Necessitatibus quia omnis numquam modi reiciendis maiores quidem. Pariatur quae reprehenderit sed sed non libero.','0309751473','73, rue Dorothée Barbier\n67866 Bonnin-sur-Mer','36.070036','45.441885',1,0,1,1,'2021-01-07 17:00:23','2021-01-07 17:00:23'),(60,3,'Ruiz Guillet SA','Voluptas dolore consequatur magni est exercitationem quisquam possimus. Dolorem voluptates doloribus at quasi ut eos modi. Repudiandae expedita est itaque sunt.','04 28 14 55 34','98, impasse de Vincent\n78 832 Marty','-40.574984','89.62549',0,1,1,1,'2021-01-07 17:00:23','2021-01-07 17:00:23'),(61,3,'Joseph Paul S.A.S.','Et nihil hic qui adipisci labore maxime aut saepe. Similique dolores velit doloremque pariatur earum in doloremque. Et temporibus at et qui.','01 10 91 05 78','790, chemin Charles Pereira\n63 673 Perez','53.178051','-76.915103',1,1,1,1,'2021-01-07 17:00:23','2021-01-07 17:00:23'),(62,4,'Gosselin','Odio id occaecati corrupti in repellat ab. Et quasi vel animi ut consequatur quia. Explicabo recusandae eius soluta perferendis provident. Rerum qui dolorum eos vitae et ea ipsa.','+33 (0)5 98 75 42 99','43, impasse Patrick Levy\n80687 Dias','178.30003','-88.662919',0,0,1,1,'2021-01-07 17:00:23','2021-01-07 17:00:23'),(63,4,'Descamps Perrot SA','Officiis reiciendis ducimus corrupti quo dignissimos qui expedita sunt. Vel nihil veritatis pariatur voluptates.','0296929013','chemin Weiss\n27 146 Henry','-17.540296','-62.840854',1,0,1,1,'2021-01-07 17:00:23','2021-01-07 17:00:23'),(64,4,'Lelievre Marchand SA','Quia enim quod numquam eaque voluptatem. Temporibus autem et sequi est est. Saepe repudiandae nam quaerat at nisi libero. Quo reprehenderit qui eum esse.','08 08 93 18 20','5, place de Cordier\n03 089 Larocheboeuf','-75.280595','-50.431575',1,1,1,1,'2021-01-07 17:00:23','2021-01-07 17:00:23'),(65,4,'Gros et Fils','Facilis est molestiae ut. Voluptates nulla explicabo ratione quidem aliquid corrupti.','+33 (0)1 02 39 34 29','6, place Constance Fouquet\n28 578 Voisindan','130.059177','28.842704',1,0,1,0,'2021-01-07 17:00:23','2021-01-07 17:00:23'),(66,3,'Giraud S.A.','Hic perspiciatis aperiam quas eum. Quia libero perferendis aspernatur blanditiis tempore. Voluptatem dolorem possimus consequatur facilis eaque neque itaque. Voluptate voluptas ea dolores.','+33 4 59 21 12 80','95, rue Élise Legros\n31115 Thibault','71.753312','55.975942',1,0,0,1,'2021-01-07 17:00:23','2021-01-07 17:00:23'),(67,4,'Pineau','Sequi quia voluptatum ipsum quaerat explicabo autem consectetur. Rem quo qui nihil itaque nesciunt minus voluptate.','09 74 90 70 34','69, rue Noel\n18934 Faivrenec','21.868238','59.765804',0,0,0,1,'2021-01-07 17:00:23','2021-01-07 17:00:23'),(68,4,'Cousin','Nulla hic asperiores asperiores esse nemo modi id. Voluptates assumenda ut veritatis eum. Non ab itaque quo. Nisi est animi repellendus aut.','+33 (0)8 18 32 85 80','9, place Sébastien Lefebvre\n08 541 GrenierBourg','-108.013419','-27.300298',0,1,0,1,'2021-01-07 17:00:23','2021-01-07 17:00:23'),(69,3,'Blanchet et Fils','Omnis et molestiae dolorem commodi ex pariatur. Fugit accusantium dolorum qui accusamus possimus molestiae ut pariatur. Maxime in vel iusto ut amet fugiat ipsa. Ratione quasi in voluptas.','03 41 28 12 38','47, place Georges Payet\n06419 Fernandes','8.173996','-84.572993',1,0,1,0,'2021-01-07 17:00:23','2021-01-07 17:00:23'),(70,3,'Clerc S.A.S.','Aliquid quia vitae non debitis deserunt dolor non. Ea maxime quisquam et sunt enim et aliquid. Incidunt et omnis vel ab commodi pariatur.','07 70 14 51 11','rue Delattre\n70 056 Michel','-14.574126','56.605479',0,0,0,0,'2021-01-07 17:00:23','2021-01-07 17:00:23'),(71,3,'Nicolas','Quam est provident molestiae repellat ea temporibus. Eius minima iste non. Enim ut harum numquam in assumenda quia. Voluptatem voluptates ut odio doloremque.','0943935376','rue de Couturier\n38064 Traore-les-Bains','-141.46067','11.320831',1,1,0,1,'2021-01-07 17:00:23','2021-01-07 17:00:23'),(72,4,'Charpentier Pruvost S.A.','Quam maiores libero in laboriosam excepturi aspernatur ut. Architecto rerum necessitatibus saepe et necessitatibus. Dicta quaerat dolores ut numquam aspernatur dolor.','+33 7 46 43 72 17','place Masse\n77705 Gosselin','-61.37325','-14.273891',1,0,1,0,'2021-01-07 17:00:23','2021-01-07 17:00:23'),(73,4,'Marie Bazin SA','Delectus qui distinctio similique voluptas. Exercitationem provident dicta aperiam enim ab et. Ullam quo velit voluptates vero non est voluptatem. Labore quo ut eveniet quaerat asperiores odio.','+33 (0)1 98 08 95 59','5, place Devaux\n33 702 Texier','-93.021194','87.92297',1,0,1,0,'2021-01-07 17:00:23','2021-01-07 17:00:23'),(74,3,'Leleu','Natus consequatur hic dolorem eaque velit quo. Blanditiis non odio qui doloremque et hic alias. Reprehenderit sed occaecati voluptatem dignissimos modi eligendi.','+33 (0)4 66 62 04 05','76, boulevard Rousseau\n70415 Gaudin','-169.702977','53.843413',0,1,1,1,'2021-01-07 17:00:23','2021-01-07 17:00:23'),(75,3,'Rocher SARL','Id dolor est voluptatibus non eligendi voluptatibus. Et officia occaecati vitae eum et quaerat aut. Ex non velit cupiditate vel facilis nulla.','04 86 77 70 70','21, impasse Lemoine\n42 159 Pinto','60.3205','44.894586',0,1,0,0,'2021-01-07 17:00:23','2021-01-07 17:00:23'),(76,3,'Moreau SARL','Necessitatibus aut a est atque quis. Ut quo eum eveniet non dolorem dolorem dolor. Non quidem et occaecati aut quia cumque.','0486783106','7, chemin de Roux\n90137 Bernier','-20.803986','83.322524',1,0,1,1,'2021-01-07 17:00:23','2021-01-07 17:00:23'),(77,4,'Guillet','Minus minus rerum sit error a enim error. Saepe molestias in mollitia ipsa eveniet consequuntur iure. Quia laudantium odit voluptas nulla cum.','+33 6 32 11 49 25','33, place Gilles Benard\n77567 Moreaunec','63.44412','58.158477',0,0,0,0,'2021-01-07 17:00:23','2021-01-07 17:00:23'),(78,3,'Paris','Sit rem dolorum sapiente ab veritatis aliquam. Sit eveniet quaerat adipisci eligendi illo consequatur maiores. Consequuntur quo id nemo eos quo aspernatur velit.','+33 (0)2 66 55 39 40','4, rue de Etienne\n67 863 Fernandes','-122.783416','-26.211423',1,1,1,1,'2021-01-07 17:00:23','2021-01-07 17:00:23'),(79,4,'Brunet Begue S.A.S.','Est non at hic nam officia similique rerum vitae. Asperiores ducimus sed provident est quia incidunt hic. Totam animi accusantium non nemo qui.','01 76 06 71 06','92, place Nathalie Guichard\n00 384 NicolasBourg','-42.629748','-65.706237',0,1,0,1,'2021-01-07 17:00:23','2021-01-07 17:00:23'),(80,4,'Raymond S.A.S.','Magnam dolore et sint eum sint aut sed. Sint odio itaque eos sed. Est perspiciatis deserunt repellat fuga. Cupiditate aut eligendi velit omnis.','05 12 48 54 59','2, impasse de Arnaud\n88131 Legendre','-23.497452','-20.980451',0,1,0,0,'2021-01-07 17:00:23','2021-01-07 17:00:23'),(81,3,'Diaz','Esse perferendis repudiandae iste velit omnis. Debitis sunt facere eaque sunt. Eius est pariatur et eius sit vitae. Enim unde molestias ratione repudiandae.','0953391371','2, rue de Guyon\n99623 Verdier','6.919515','-32.625662',0,0,0,0,'2021-01-07 17:00:23','2021-01-07 17:00:23'),(82,3,'Perrot SARL','Quidem quia ipsum eveniet dolores. Natus et culpa sunt vitae sint illo. Consequatur molestias recusandae soluta doloremque vel ut id. Dolor quae modi perferendis et qui dolore.','02 77 86 49 07','boulevard de Fournier\n45 252 Monnier-la-Forêt','-24.842575','5.238828',0,1,0,0,'2021-01-07 17:00:23','2021-01-07 17:00:23'),(83,3,'Clement','Qui corporis ad voluptatem. Accusamus modi rerum dolor enim mollitia et. Voluptas sit vero corrupti et soluta totam dolorum. Non sit animi molestiae nemo corporis alias. Aut illo itaque aut qui est.','02 74 81 27 53','65, impasse Colette Gomes\n02437 Lopes','156.82281','-38.181568',0,0,1,1,'2021-01-07 17:00:23','2021-01-07 17:00:23'),(84,4,'Michel Teixeira SARL','Rerum eos labore sed molestiae inventore. Aperiam quia ut illum ad voluptas eius qui. Vel doloremque nesciunt et pariatur quisquam nulla. Sit modi enim ipsam repudiandae repellat et.','05 72 61 31 52','67, chemin de Laroche\n61627 Traore','68.28628','-25.090904',0,1,0,0,'2021-01-07 17:00:23','2021-01-07 17:00:23'),(85,3,'Chauvin S.A.R.L.','Voluptatibus perferendis exercitationem quaerat quis saepe odio. Molestias rerum et odio ut enim. Et corporis ducimus et repellat et nemo.','08 00 96 66 85','73, impasse Dominique Gonzalez\n73 382 Boucher','131.043047','-59.580183',1,1,0,0,'2021-01-07 17:00:23','2021-01-07 17:00:23'),(86,4,'Gauthier','Adipisci qui dolores voluptatem odit quo explicabo iste cumque. Illum voluptatem ipsa voluptas aperiam dolor quod provident. Eum minima numquam ex laudantium accusamus voluptatibus rerum.','+33 (0)1 07 11 36 86','628, chemin Caroline Mathieu\n11 056 Baron','25.200821','0.25758',0,0,1,1,'2021-01-07 17:00:23','2021-01-07 17:00:23'),(87,3,'Vallet Loiseau S.A.','Expedita est voluptatem molestiae et quis eum doloremque. Nobis et quos exercitationem. Numquam et dolores exercitationem et dolore tenetur ad.','0633063189','3, rue Herve\n74 247 Gaudinnec','-97.471186','57.420201',1,0,0,1,'2021-01-07 17:00:23','2021-01-07 17:00:23'),(88,3,'Laroche Gauthier SARL','Atque maxime qui odit ut expedita. Qui autem consequuntur eveniet.','+33 (0)2 58 70 53 02','61, boulevard de Fabre\n89628 Gillet','101.347186','16.652393',1,1,0,0,'2021-01-07 17:00:23','2021-01-07 17:00:23'),(89,4,'Association Humanitaire de Montpellier','<div>AHM est une association areligieuse , apolitique et indépendante.Depuis sa création en 2013, AHM vient en aide aux personnes en situation de grande précarité 7jours/7 , les bénévoles apportent une aide alimentaire , une écoute et une orientation.</div>','07 83 04 38 16','40 avenue Georges Clemenceau 34000 Montpellier, France',NULL,NULL,1,1,1,0,'2021-01-24 15:14:48','2021-01-24 15:14:48');
/*!40000 ALTER TABLE `assoc` ENABLE KEYS */;
UNLOCK TABLES;

--
-- Table structure for table `assoc_has_ouverture`
--

DROP TABLE IF EXISTS `assoc_has_ouverture`;
/*!40101 SET @saved_cs_client     = @@character_set_client */;
/*!40101 SET character_set_client = utf8 */;
CREATE TABLE `assoc_has_ouverture` (
  `assoc_id` int(10) unsigned NOT NULL,
  `ouverture_id` int(10) unsigned NOT NULL,
  PRIMARY KEY (`assoc_id`,`ouverture_id`),
  KEY `IDX_8A467FFC82A46EC6` (`assoc_id`),
  KEY `IDX_8A467FFCF892AC88` (`ouverture_id`),
  CONSTRAINT `FK_8A467FFC82A46EC6` FOREIGN KEY (`assoc_id`) REFERENCES `assoc` (`id`) ON DELETE CASCADE,
  CONSTRAINT `FK_8A467FFCF892AC88` FOREIGN KEY (`ouverture_id`) REFERENCES `ouverture` (`id`) ON DELETE CASCADE
) ENGINE=InnoDB DEFAULT CHARSET=utf8mb4 COLLATE=utf8mb4_unicode_ci;
/*!40101 SET character_set_client = @saved_cs_client */;

--
-- Dumping data for table `assoc_has_ouverture`
--

LOCK TABLES `assoc_has_ouverture` WRITE;
/*!40000 ALTER TABLE `assoc_has_ouverture` DISABLE KEYS */;
INSERT INTO `assoc_has_ouverture` VALUES (41,91),(41,92),(41,93),(45,105),(45,106),(45,107),(45,108),(48,116),(48,117),(50,122),(50,123),(52,127),(52,128),(53,129),(53,130),(53,131),(53,132),(54,133),(54,134),(54,135),(55,136),(55,137),(56,138),(56,139),(56,140),(57,141),(57,142),(57,143),(58,144),(58,145),(58,146),(59,147),(59,148),(60,149),(60,150),(60,151),(60,152),(60,153),(61,154),(61,155),(61,156),(61,157),(62,158),(62,159),(62,160),(62,161),(62,162),(63,163),(63,164),(64,165),(64,166),(64,167),(65,168),(65,169),(65,170),(66,171),(66,172),(66,173),(66,174),(67,175),(67,176),(67,177),(67,178),(67,179),(68,180),(68,181),(68,182),(68,183),(69,184),(69,185),(69,186),(69,187),(69,188),(69,189),(70,190),(70,191),(70,192),(70,193),(70,194),(71,195),(71,196),(71,197),(72,198),(72,199),(72,200),(73,201),(73,202),(73,203),(73,204),(74,205),(74,206),(75,207),(75,208),(75,209),(75,210),(75,211),(75,212),(76,213),(76,214),(76,215),(77,216),(77,217),(78,218),(78,219),(79,220),(79,221),(79,222),(80,223),(80,224),(80,225),(80,226),(81,227),(81,228),(81,229),(82,230),(82,231),(82,232),(82,233),(82,234),(83,235),(83,236),(84,237),(84,238),(84,239),(84,240),(84,241),(84,242),(84,243),(85,244),(85,245),(85,246),(85,247),(85,248),(86,249),(86,250),(86,251),(86,252),(87,253),(87,254),(88,255),(88,256),(88,257),(88,258),(88,259),(88,260),(88,261),(89,426),(89,427),(89,428),(89,429),(89,430),(89,431),(89,432);
/*!40000 ALTER TABLE `assoc_has_ouverture` ENABLE KEYS */;
UNLOCK TABLES;

--
-- Table structure for table `categorie`
--

DROP TABLE IF EXISTS `categorie`;
/*!40101 SET @saved_cs_client     = @@character_set_client */;
/*!40101 SET character_set_client = utf8 */;
CREATE TABLE `categorie` (
  `id` int(11) NOT NULL AUTO_INCREMENT,
  `nom` varchar(255) COLLATE utf8mb4_unicode_ci NOT NULL,
  PRIMARY KEY (`id`)
) ENGINE=InnoDB AUTO_INCREMENT=20 DEFAULT CHARSET=utf8mb4 COLLATE=utf8mb4_unicode_ci;
/*!40101 SET character_set_client = @saved_cs_client */;

--
-- Dumping data for table `categorie`
--

LOCK TABLES `categorie` WRITE;
/*!40000 ALTER TABLE `categorie` DISABLE KEYS */;
INSERT INTO `categorie` VALUES (9,'Hébergement'),(10,'Accueil de jour'),(11,'Alimentation'),(12,'Hygiène'),(13,'Vêtements'),(14,'Santé/ soin'),(15,'Stocker ses affaires'),(16,'Animaux'),(17,'Accès internet'),(18,'Administratif'),(19,'Apprendre');
/*!40000 ALTER TABLE `categorie` ENABLE KEYS */;
UNLOCK TABLES;

--
-- Table structure for table `maraude`
--

DROP TABLE IF EXISTS `maraude`;
/*!40101 SET @saved_cs_client     = @@character_set_client */;
/*!40101 SET character_set_client = utf8 */;
CREATE TABLE `maraude` (
  `id` int(10) unsigned NOT NULL AUTO_INCREMENT,
  `assoc_id` int(10) unsigned NOT NULL,
  `nom` varchar(128) COLLATE utf8mb4_unicode_ci NOT NULL,
  `description` mediumtext COLLATE utf8mb4_unicode_ci,
  `telephone` varchar(32) COLLATE utf8mb4_unicode_ci DEFAULT NULL,
  `adresse` varchar(255) COLLATE utf8mb4_unicode_ci NOT NULL,
  `longitude` varchar(32) COLLATE utf8mb4_unicode_ci DEFAULT NULL,
  `latitude` varchar(32) COLLATE utf8mb4_unicode_ci DEFAULT NULL,
  `date_debut` datetime DEFAULT NULL,
  `date_fin` datetime DEFAULT NULL,
  `created_at` datetime NOT NULL,
  `updated_at` datetime NOT NULL,
  PRIMARY KEY (`id`),
  UNIQUE KEY `UNIQ_DA5E9CA26C6E55B5` (`nom`),
  KEY `fk_assoc_copy1_assoc1` (`assoc_id`),
  CONSTRAINT `FK_DA5E9CA282A46EC6` FOREIGN KEY (`assoc_id`) REFERENCES `assoc` (`id`) ON DELETE CASCADE
) ENGINE=InnoDB AUTO_INCREMENT=61 DEFAULT CHARSET=utf8mb4 COLLATE=utf8mb4_unicode_ci;
/*!40101 SET character_set_client = @saved_cs_client */;

--
-- Dumping data for table `maraude`
--

LOCK TABLES `maraude` WRITE;
/*!40000 ALTER TABLE `maraude` DISABLE KEYS */;
INSERT INTO `maraude` VALUES (11,62,'Moreau S.A.S.','Sunt natus corporis modi et. Neque voluptatem laborum ut sint dolorem sequi est. Et dolor ipsam non accusamus optio nam.','02 69 27 15 47','811, chemin Nicolas Gay\n72685 Jean','-138.334955','39.228229','2021-01-08 04:03:15','2021-02-12 09:11:35','2021-01-07 17:00:38','2021-01-07 17:00:38'),(12,66,'Lemoine','Quia placeat et ea dolor doloremque sit eius quia. Fugit officia nesciunt odit error.','+33 (0)1 82 61 88 95','178, rue Raynaud\n37706 GeorgesBourg','148.857683','-3.585975','2021-01-15 11:13:07','2021-07-09 21:29:56','2021-01-07 17:00:39','2021-01-07 17:00:39'),(13,70,'Allard','Reiciendis esse nulla et itaque sed dolores veritatis. Omnis quidem impedit quod praesentium. Deleniti sapiente esse quidem quia. Placeat porro dolores excepturi impedit ipsam.','0261695435','rue Garnier\n07132 Chartier-sur-Vasseur','152.957629','21.028324','2021-02-02 02:18:02','2021-03-29 11:33:35','2021-01-07 17:00:39','2021-01-07 17:00:39'),(14,79,'Barre SAS','Ex laboriosam et quia qui voluptatem ut facere. Itaque tenetur magnam nemo.','01 32 56 68 02','55, chemin de Dufour\n18410 Gilletdan','108.082707','-79.106182','2021-01-31 13:11:37','2021-03-24 19:59:17','2021-01-07 17:00:39','2021-01-07 17:00:39'),(15,80,'Lopez Antoine S.A.S.','Voluptatibus sint perferendis at et. Quo eos dignissimos ipsa voluptas quidem ratione esse. Error pariatur aspernatur illo omnis. Voluptate dolores qui sint consequatur sint.','+33 (0)8 11 06 73 18','69, chemin Coste\n57143 Robin','-53.590608','42.451334','2021-01-19 05:10:27','2021-03-12 23:48:27','2021-01-07 17:00:39','2021-01-07 17:00:39'),(16,66,'Leclerc','Eveniet excepturi modi sed ea corrupti. Enim alias id provident ducimus omnis excepturi quibusdam. Cupiditate reprehenderit quod error rerum et voluptatem voluptatum tempore.','08 97 52 97 94','66, boulevard Duhamel\n88 401 Alves','9.767396','20.574831','2021-01-15 19:13:30','2021-02-11 04:14:45','2021-01-07 17:00:39','2021-01-07 17:00:39'),(17,76,'Blanchard et Fils','Veritatis vitae nam in. Commodi non aut explicabo neque aut minima quibusdam voluptatibus. Dolorum ea quod beatae doloremque architecto facere. Ea rerum molestias tenetur minima est non sit.','02 23 13 26 66','rue David\n27 902 Adamnec','-80.480169','72.45492','2021-01-16 17:28:54','2021-06-27 05:17:46','2021-01-07 17:00:39','2021-01-07 17:00:39'),(20,68,'Denis Valentin et Fils','Sit praesentium placeat impedit perspiciatis. In voluptates repudiandae consequuntur consectetur ipsa. Sit aliquam ut aut laudantium. Dolores voluptatum et voluptatem ut vel sed.','+33 (0)1 76 18 95 17','31, rue Patricia Lesage\n65 490 Raynaud-sur-Hebert','123.202065','-66.328852','2021-01-27 11:54:44','2022-01-02 01:56:32','2021-01-07 17:00:39','2021-01-07 17:00:39'),(21,83,'Hubert','Debitis ducimus eos voluptatem. Nam ut mollitia recusandae. Assumenda temporibus sint earum eum.','+33 (0)3 95 10 33 22','rue Boutin\n85 220 Legros-sur-Mer','-12.084971','50.554618','2021-02-08 14:50:26','2021-02-14 14:33:44','2021-01-07 17:00:39','2021-01-07 17:00:39'),(22,50,'Morin et Fils','Recusandae eius architecto mollitia nesciunt consequuntur sunt. Animi reprehenderit rerum dolor. Non doloremque quaerat est optio.','+33 (0)3 28 31 35 93','785, boulevard Simone Fernandes\n33 903 GarnierVille','6.538127','-42.794445','2021-01-11 15:45:33','2021-04-21 23:38:13','2021-01-07 17:00:39','2021-01-07 17:00:39'),(23,70,'Pasquier Fischer SARL','Voluptas quas possimus corporis consequatur recusandae sed. Reiciendis culpa numquam quod omnis qui. Illum velit et nihil itaque. Est consequatur rerum est omnis molestias pariatur.','0389259561','1, boulevard de Gimenez\n15 904 Renaultnec','65.722032','-56.962323','2021-01-09 06:59:08','2021-02-14 09:25:16','2021-01-07 17:00:39','2021-01-07 17:00:39'),(24,83,'Lebrun','Odio consequuntur dolorem consequatur quia dolor magni vero. Fugiat velit nostrum quis at molestiae voluptatem. Consequatur quaerat tenetur magni illo quidem in vel perspiciatis.','0157100798','748, chemin de Guillou\n98 530 Sanchez-sur-Mer','84.464634','51.395945','2021-02-21 13:28:05','2021-05-08 16:23:14','2021-01-07 17:00:39','2021-01-07 17:00:39'),(25,69,'Leblanc Gosselin S.A.','Dolorem mollitia cumque nobis nam quisquam qui neque soluta. Expedita nihil autem distinctio assumenda voluptas molestiae. Vero necessitatibus neque quas qui.','0671889927','5, avenue Françoise Da Silva\n28 867 Moreaunec','23.74851','45.886763','2021-01-08 17:15:34','2021-01-28 15:29:48','2021-01-07 17:00:39','2021-01-07 17:00:39'),(26,80,'Seguin','Sapiente adipisci eum sed explicabo veritatis harum est. Ab ut et est corrupti. Nihil ad inventore incidunt voluptas reprehenderit. Aut eaque qui ducimus accusantium enim sint voluptate.','0908798397','93, place de Thomas\n39104 Barre','-107.667805','10.387415','2021-01-15 17:47:15','2021-01-30 14:52:24','2021-01-07 17:00:39','2021-01-07 17:00:39'),(27,81,'Francois SARL','Dicta non eaque officia. Voluptatem magni eos sunt id nisi reiciendis qui eveniet. Commodi vitae iusto facilis magni autem.','+33 7 33 51 81 62','3, impasse Lucas\n38968 Gregoire','151.112308','-25.57415','2021-01-12 12:32:19','2021-06-23 07:29:14','2021-01-07 17:00:39','2021-01-07 17:00:39'),(28,69,'Maillard','Cumque non magnam consequatur autem nihil. Excepturi unde alias id velit consectetur nemo earum. Velit et laudantium dolorum sit aut.','+33 (0)4 10 30 18 69','20, boulevard Michèle Guyon\n16 110 Renard-la-Forêt','133.725787','-75.449854','2021-01-12 13:53:57','2021-01-20 08:49:41','2021-01-07 17:00:39','2021-01-07 17:00:39'),(29,63,'Rey SA','Repellendus dolor debitis soluta illo. Dolorem repellendus et natus non quas. Sunt et et quasi non corrupti qui. Et hic fuga enim.','+33 (0)4 42 16 97 29','876, place de Ramos\n49342 SanchezVille','-25.012752','-46.679983','2021-01-15 15:57:17','2021-09-24 07:38:54','2021-01-07 17:00:39','2021-01-07 17:00:39'),(30,41,'Colin Delannoy S.A.','Aliquam reprehenderit enim ad sapiente ut qui. Incidunt ut repudiandae aperiam consectetur. Id dolorem et iure velit et amet ut.','+33 (0)6 09 04 57 39','31, rue Normand\n75 893 ChauvetBourg','85.486898','-33.382851','2021-01-30 01:49:05','2021-05-01 20:29:24','2021-01-07 17:00:39','2021-01-07 17:00:39'),(31,71,'Potier','Aliquam ex est sint sunt. Ut rerum quos tempora est. Repudiandae necessitatibus natus dicta nesciunt delectus suscipit in.','+33 6 10 73 35 19','49, boulevard Christelle Caron\n31 831 Louis','112.66562','68.93167','2021-02-03 03:11:03','2021-05-01 07:47:43','2021-01-07 17:00:39','2021-01-07 17:00:39'),(32,60,'Perrot Gomes S.A.S.','Veritatis voluptatem ut assumenda dolor autem aut. Placeat nesciunt voluptatum qui molestiae. Quis ut iste ea doloremque ipsam velit inventore. Facere rem harum vero facere iusto.','+33 (0)1 74 76 82 98','avenue Vasseur\n58828 MarchalBourg','154.634585','-65.083826','2021-01-29 20:35:25','2021-05-18 02:58:57','2021-01-07 17:00:39','2021-01-07 17:00:39'),(33,65,'Vincent Lagarde et Fils','Consequuntur ipsam non dolor sunt quisquam. Odio quam sit repudiandae qui. Omnis quia ipsa quos quod laborum qui.','07 38 04 50 66','941, boulevard Marie Besson\n01 351 Henry','-132.033889','-4.008223','2021-01-21 14:11:19','2021-04-14 06:05:16','2021-01-07 17:00:39','2021-01-07 17:00:39'),(34,80,'Gilles SA','Officiis rerum ut aspernatur ad dolor nulla consequuntur. Quo distinctio sunt blanditiis ipsa minima sed. Magnam non possimus temporibus earum necessitatibus in exercitationem.','06 90 85 74 12','82, chemin de Lacombe\n18 364 Barbe','-135.19914','-18.920839','2021-01-07 21:26:00','2021-04-09 18:57:53','2021-01-07 17:00:39','2021-01-07 17:00:39'),(35,48,'Chevallier','Nihil enim eaque vero molestiae natus deserunt. Aperiam explicabo harum optio dolor quod totam in recusandae. Ipsa dolor esse ut non. Dolores vel reprehenderit earum ea incidunt.','+33 1 21 75 47 66','52, rue Carlier\n38 096 Vidal','43.213757','-0.863203','2021-01-29 02:40:58','2021-05-29 14:52:31','2021-01-07 17:00:39','2021-01-07 17:00:39'),(36,64,'Charpentier S.A.R.L.','Voluptas et ipsa et suscipit. Quam at veritatis est ad qui sint suscipit doloremque. Aliquid aut quasi enim omnis velit eum tenetur. Rerum eligendi autem vel ab sequi alias rerum.','+33 1 55 22 83 99','75, rue Dorothée Didier\n79273 Alexandre','130.439581','27.733457','2021-01-22 22:48:17','2021-03-05 21:52:20','2021-01-07 17:00:39','2021-01-07 17:00:39'),(38,82,'Buisson','Eos aut sed laudantium. Mollitia enim incidunt beatae voluptate. Sunt voluptatem voluptatibus est earum.','0399928468','82, rue Corinne Bourdon\n02490 Blanc-sur-Pasquier','90.39743','25.112391','2021-01-08 23:01:37','2021-04-13 19:45:16','2021-01-07 17:00:39','2021-01-07 17:00:39'),(39,45,'Mallet','Et sunt voluptatibus est ratione consequatur unde. Autem sit animi consequatur qui. Consequuntur molestiae quos impedit qui cumque eligendi accusamus. Sunt totam qui non natus incidunt quia eaque.','+33 (0)1 84 35 25 73','63, rue de Delaunay\n24315 Valentin-sur-Mer','-71.967284','-34.529623','2021-01-11 11:18:40','2021-04-14 13:16:05','2021-01-07 17:00:39','2021-01-07 17:00:39'),(40,45,'Letellier','Qui laborum sed vitae sed beatae voluptatem. Sed explicabo nisi atque necessitatibus aut quis nulla. Mollitia enim nemo et consequuntur.','09 37 93 20 21','23, avenue Maggie Blondel\n70693 LouisBourg','15.179382','-20.908003','2021-01-27 11:34:42','2021-07-04 09:23:50','2021-01-07 17:00:39','2021-01-07 17:00:39'),(42,73,'Labbe S.A.','Corporis nulla animi aperiam ut totam officia. Cupiditate consequuntur hic tenetur et. Id blanditiis quia cumque nisi in ut voluptates. Harum sed dolor et temporibus eum sint tempora.','09 87 15 68 55','79, rue de Martinez\n93 742 Marechal','31.269331','-35.128162','2021-01-20 06:56:03','2021-04-25 12:12:25','2021-01-07 17:00:39','2021-01-07 17:00:39'),(43,52,'Leclercq Pierre S.A.S.','Voluptates ut vero maiores dicta rerum. Et sunt saepe ut dignissimos. Veritatis temporibus neque ex deleniti dolores magnam ipsam.','+33 (0)4 23 12 68 99','73, rue de Albert\n50 102 PerretVille','-163.579697','21.520757','2021-01-08 02:54:39','2021-04-26 15:43:11','2021-01-07 17:00:39','2021-01-07 17:00:39'),(44,76,'Pelletier Laporte SAS','Suscipit quisquam illo et tempore. Voluptate voluptas blanditiis laboriosam nam dolores. Ut quis qui nihil excepturi.','0287261781','90, impasse Tristan Munoz\n64 024 Dias','-38.46033','-1.647395','2021-01-09 08:19:28','2021-08-31 09:36:46','2021-01-07 17:00:39','2021-01-07 17:00:39'),(45,71,'Payet','Voluptas omnis vel asperiores itaque modi ut. Occaecati asperiores quam ex magnam dolorem. Reiciendis quia voluptas aut rerum. Qui nobis quod quis aut eos.','09 94 74 61 39','95, impasse de Bousquet\n75 005 Bonnet','179.483759','-38.194838','2021-01-19 04:36:14','2021-02-19 18:50:16','2021-01-07 17:00:39','2021-01-07 17:00:39'),(47,77,'Imbert S.A.S.','Ipsum laborum repellat sint accusamus sed. Repellat ducimus voluptatem autem. Sunt qui blanditiis sapiente. Et quia suscipit praesentium et quia eligendi.','03 62 68 56 77','906, place de Bousquet\n08 462 Bonneau','19.808176','37.543499','2021-01-22 19:31:32','2021-06-27 21:49:25','2021-01-07 17:00:39','2021-01-07 17:00:39'),(48,72,'Pages S.A.S.','Et tempore omnis impedit dolorem sapiente. Doloribus deserunt autem nulla maiores dolor amet reiciendis.','+33 4 58 40 40 02','88, rue de Blin\n46411 Gilbert-sur-Leduc','49.816757','68.161837','2021-01-23 20:25:19','2021-06-15 08:52:57','2021-01-07 17:00:39','2021-01-07 17:00:39'),(49,79,'Blanc','Sed assumenda illum dolore est. Ipsa ut dolor dolores ad rem. Quaerat eveniet veniam et optio.','01 50 60 39 52','23, impasse Laroche\n00709 Philippenec','138.238188','76.846629','2021-01-26 10:04:01','2021-11-20 09:27:28','2021-01-07 17:00:39','2021-01-07 17:00:39'),(50,69,'Daniel Gonzalez et Fils','Sed modi magni fugit iure et quia. Omnis blanditiis fugiat debitis. Eum exercitationem voluptatem sed autem eos nobis.','0128664053','9, impasse Hélène Brunel\n88 590 Gomez','24.849828','-10.219822','2021-01-08 15:00:45','2021-10-19 06:48:32','2021-01-07 17:00:39','2021-01-07 17:00:39'),(52,45,'Vaillant Menard SAS','Totam iste aut consequatur. Numquam aut adipisci voluptas sit. Voluptas eos atque non iste. Ipsam praesentium reprehenderit vel fugiat dolores.','0806976259','657, rue Riviere\n97 971 RibeiroBourg','-40.453319','-24.606816','2021-01-10 06:35:59','2021-09-23 07:14:27','2021-01-07 17:00:39','2021-01-07 17:00:39'),(53,75,'Pons','Facilis nihil provident mollitia eaque et laudantium. Veniam excepturi aut nostrum enim velit rem. Aperiam ipsam nihil aperiam ut est doloribus quia.','0785978386','80, place de Dupont\n26 374 Faivre','-94.915404','27.499578','2021-01-11 01:11:01','2021-06-13 18:16:24','2021-01-07 17:00:39','2021-01-07 17:00:39'),(54,74,'Monnier','Maiores occaecati odio impedit ut quae. Sit quia hic fuga et beatae. Minima blanditiis sunt dicta consequuntur.','+33 (0)7 58 58 02 31','14, rue de Francois\n19391 Gautier','30.238833','-88.909573','2021-02-23 06:18:30','2021-03-02 02:13:36','2021-01-07 17:00:39','2021-01-07 17:00:39'),(55,65,'Gregoire Vallee S.A.','Illum aut doloremque quasi. Magni et non et voluptas temporibus. Voluptas ut in non deserunt ea aliquam inventore fugiat. Rerum autem sit consequatur recusandae adipisci labore nam.','0893537982','boulevard de Picard\n29729 Lejeune','53.729256','3.862072','2021-01-11 16:49:47','2021-07-11 08:31:35','2021-01-07 17:00:39','2021-01-07 17:00:39'),(56,73,'Leroux','Ad expedita eos beatae non. Voluptatem pariatur sequi iure fugiat dolor. Et non soluta facere. Ratione mollitia eaque quasi rerum. Rerum et libero totam sequi tempore. Sed natus tempora et est.','+33 3 45 48 63 22','64, rue de Fabre\n78630 Pelletier','-73.288605','-1.058988','2021-02-12 19:41:02','2021-11-02 02:51:50','2021-01-07 17:00:39','2021-01-07 17:00:39'),(57,57,'Bertin Gallet S.A.R.L.','Quia omnis ut nesciunt omnis. Et ut aut qui harum expedita temporibus. Aliquid officiis at sit voluptatem fuga quisquam et omnis. Natus non sint error inventore in voluptates et.','+33 4 50 71 84 52','85, avenue Blin\n43 000 Laine','-18.504688','24.862419','2021-01-09 19:11:20','2021-05-02 20:31:41','2021-01-07 17:00:39','2021-01-07 17:00:39'),(58,69,'Legros Gregoire et Fils','Rem fuga aliquid omnis vel voluptas culpa odio. Iure animi delectus qui exercitationem ut perferendis itaque veniam. Fugiat asperiores nulla quod quis nulla.','+33 (0)9 61 39 10 11','47, chemin Brunel\n10204 Josephnec','-92.825623','-79.115064','2021-01-13 18:08:09','2021-02-27 07:57:14','2021-01-07 17:00:39','2021-01-07 17:00:39'),(60,63,'Gregoire Fontaine et Fils','Et ratione dolor delectus laboriosam distinctio. Aut debitis maxime vel ratione consequuntur est omnis. Provident similique cum at et sunt. Natus quas rerum unde numquam beatae provident.','+33 3 80 55 98 91','874, impasse de Da Silva\n86 021 Poirier-sur-Mer','167.215295','59.108871','2021-02-19 05:14:17','2021-08-26 07:54:04','2021-01-07 17:00:39','2021-01-07 17:00:39');
/*!40000 ALTER TABLE `maraude` ENABLE KEYS */;
UNLOCK TABLES;

--
-- Table structure for table `maraude_has_ouverture`
--

DROP TABLE IF EXISTS `maraude_has_ouverture`;
/*!40101 SET @saved_cs_client     = @@character_set_client */;
/*!40101 SET character_set_client = utf8 */;
CREATE TABLE `maraude_has_ouverture` (
  `maraude_id` int(10) unsigned NOT NULL,
  `ouverture_id` int(10) unsigned NOT NULL,
  PRIMARY KEY (`maraude_id`,`ouverture_id`),
  KEY `IDX_D4A79C46ED9AF501` (`maraude_id`),
  KEY `IDX_D4A79C46F892AC88` (`ouverture_id`),
  CONSTRAINT `FK_D4A79C46ED9AF501` FOREIGN KEY (`maraude_id`) REFERENCES `maraude` (`id`) ON DELETE CASCADE,
  CONSTRAINT `FK_D4A79C46F892AC88` FOREIGN KEY (`ouverture_id`) REFERENCES `ouverture` (`id`) ON DELETE CASCADE
) ENGINE=InnoDB DEFAULT CHARSET=utf8mb4 COLLATE=utf8mb4_unicode_ci;
/*!40101 SET character_set_client = @saved_cs_client */;

--
-- Dumping data for table `maraude_has_ouverture`
--

LOCK TABLES `maraude_has_ouverture` WRITE;
/*!40000 ALTER TABLE `maraude_has_ouverture` DISABLE KEYS */;
INSERT INTO `maraude_has_ouverture` VALUES (11,262),(11,263),(11,264),(12,265),(13,266),(13,267),(13,268),(13,269),(13,270),(13,271),(14,272),(14,273),(14,274),(15,275),(15,276),(16,277),(16,278),(16,279),(16,280),(17,281),(17,282),(17,283),(17,284),(17,285),(17,286),(20,298),(20,299),(20,300),(21,301),(21,302),(21,303),(21,304),(22,305),(22,306),(22,307),(22,308),(22,309),(23,310),(24,311),(24,312),(24,313),(24,314),(25,315),(25,316),(25,317),(26,318),(26,319),(27,320),(27,321),(27,322),(27,323),(27,324),(27,325),(27,326),(27,327),(28,328),(29,329),(29,330),(29,331),(30,332),(30,333),(31,334),(31,335),(32,336),(32,337),(32,338),(33,339),(33,340),(33,341),(34,342),(34,343),(34,344),(35,345),(35,346),(35,347),(35,348),(35,349),(36,350),(36,351),(36,352),(38,357),(38,358),(39,359),(39,360),(39,361),(39,362),(39,363),(39,364),(40,365),(40,366),(40,367),(42,372),(42,373),(43,374),(43,375),(44,376),(44,377),(45,378),(45,379),(45,380),(45,381),(45,382),(47,384),(48,385),(48,386),(48,387),(48,388),(49,389),(49,390),(50,391),(50,392),(52,401),(52,402),(53,403),(53,404),(53,405),(53,406),(53,407),(53,408),(54,409),(54,410),(54,411),(55,412),(56,413),(56,414),(57,415),(57,416),(57,417),(58,418),(58,419),(60,424),(60,425);
/*!40000 ALTER TABLE `maraude_has_ouverture` ENABLE KEYS */;
UNLOCK TABLES;

--
-- Table structure for table `ouverture`
--

DROP TABLE IF EXISTS `ouverture`;
/*!40101 SET @saved_cs_client     = @@character_set_client */;
/*!40101 SET character_set_client = utf8 */;
CREATE TABLE `ouverture` (
  `id` int(10) unsigned NOT NULL AUTO_INCREMENT,
  `jour_index` smallint(6) NOT NULL,
  `heure_debut` time NOT NULL,
  `heure_fin` time NOT NULL,
  `created_at` datetime NOT NULL,
  `updated_at` datetime NOT NULL,
  PRIMARY KEY (`id`)
) ENGINE=InnoDB AUTO_INCREMENT=433 DEFAULT CHARSET=utf8mb4 COLLATE=utf8mb4_unicode_ci;
/*!40101 SET character_set_client = @saved_cs_client */;

--
-- Dumping data for table `ouverture`
--

LOCK TABLES `ouverture` WRITE;
/*!40000 ALTER TABLE `ouverture` DISABLE KEYS */;
INSERT INTO `ouverture` VALUES (91,1,'15:45:00','00:34:00','2021-01-07 17:00:23','2021-01-07 17:00:23'),(92,2,'15:32:00','18:36:00','2021-01-07 17:00:23','2021-01-07 17:00:23'),(93,1,'09:16:00','23:11:00','2021-01-07 17:00:23','2021-01-07 17:00:23'),(105,7,'23:32:00','14:45:00','2021-01-07 17:00:23','2021-01-07 17:00:23'),(106,5,'23:15:00','09:41:00','2021-01-07 17:00:23','2021-01-07 17:00:23'),(107,5,'05:47:00','07:32:00','2021-01-07 17:00:23','2021-01-07 17:00:23'),(108,1,'18:13:00','17:44:00','2021-01-07 17:00:23','2021-01-07 17:00:23'),(116,2,'04:00:00','17:37:00','2021-01-07 17:00:23','2021-01-07 17:00:23'),(117,3,'18:19:00','05:49:00','2021-01-07 17:00:23','2021-01-07 17:00:23'),(122,7,'17:28:00','02:23:00','2021-01-07 17:00:23','2021-01-07 17:00:23'),(123,3,'22:07:00','09:38:00','2021-01-07 17:00:23','2021-01-07 17:00:23'),(127,1,'01:19:00','12:52:00','2021-01-07 17:00:23','2021-01-07 17:00:23'),(128,7,'08:05:00','17:57:00','2021-01-07 17:00:23','2021-01-07 17:00:23'),(129,6,'01:14:00','00:32:00','2021-01-07 17:00:23','2021-01-07 17:00:23'),(130,7,'05:57:00','23:15:00','2021-01-07 17:00:23','2021-01-07 17:00:23'),(131,4,'16:44:00','08:18:00','2021-01-07 17:00:23','2021-01-07 17:00:23'),(132,4,'06:35:00','12:01:00','2021-01-07 17:00:23','2021-01-07 17:00:23'),(133,7,'11:48:00','07:08:00','2021-01-07 17:00:23','2021-01-07 17:00:23'),(134,1,'02:49:00','07:50:00','2021-01-07 17:00:23','2021-01-07 17:00:23'),(135,7,'12:06:00','13:18:00','2021-01-07 17:00:23','2021-01-07 17:00:23'),(136,3,'00:00:00','23:24:00','2021-01-07 17:00:23','2021-01-07 17:00:23'),(137,1,'00:47:00','13:54:00','2021-01-07 17:00:23','2021-01-07 17:00:23'),(138,5,'10:49:00','11:02:00','2021-01-07 17:00:23','2021-01-07 17:00:23'),(139,2,'09:41:00','05:25:00','2021-01-07 17:00:23','2021-01-07 17:00:23'),(140,2,'08:23:00','13:11:00','2021-01-07 17:00:23','2021-01-07 17:00:23'),(141,6,'06:37:00','11:47:00','2021-01-07 17:00:23','2021-01-07 17:00:23'),(142,1,'04:22:00','06:49:00','2021-01-07 17:00:23','2021-01-07 17:00:23'),(143,7,'01:45:00','19:36:00','2021-01-07 17:00:23','2021-01-07 17:00:23'),(144,3,'07:04:00','03:20:00','2021-01-07 17:00:23','2021-01-07 17:00:23'),(145,1,'22:25:00','17:36:00','2021-01-07 17:00:23','2021-01-07 17:00:23'),(146,1,'23:48:00','03:21:00','2021-01-07 17:00:23','2021-01-07 17:00:23'),(147,7,'20:34:00','21:08:00','2021-01-07 17:00:23','2021-01-07 17:00:23'),(148,5,'14:33:00','23:00:00','2021-01-07 17:00:23','2021-01-07 17:00:23'),(149,3,'18:19:00','09:48:00','2021-01-07 17:00:23','2021-01-07 17:00:23'),(150,6,'08:31:00','08:51:00','2021-01-07 17:00:23','2021-01-07 17:00:23'),(151,6,'08:11:00','20:32:00','2021-01-07 17:00:23','2021-01-07 17:00:23'),(152,7,'13:58:00','12:15:00','2021-01-07 17:00:23','2021-01-07 17:00:23'),(153,1,'08:32:00','21:45:00','2021-01-07 17:00:23','2021-01-07 17:00:23'),(154,2,'12:05:00','14:31:00','2021-01-07 17:00:23','2021-01-07 17:00:23'),(155,4,'11:58:00','21:42:00','2021-01-07 17:00:23','2021-01-07 17:00:23'),(156,6,'13:01:00','14:07:00','2021-01-07 17:00:23','2021-01-07 17:00:23'),(157,6,'10:32:00','00:38:00','2021-01-07 17:00:23','2021-01-07 17:00:23'),(158,1,'12:59:00','20:03:00','2021-01-07 17:00:23','2021-01-07 17:00:23'),(159,3,'03:39:00','20:42:00','2021-01-07 17:00:23','2021-01-07 17:00:23'),(160,5,'00:47:00','18:48:00','2021-01-07 17:00:23','2021-01-07 17:00:23'),(161,3,'05:57:00','22:11:00','2021-01-07 17:00:23','2021-01-07 17:00:23'),(162,4,'21:17:00','16:05:00','2021-01-07 17:00:23','2021-01-07 17:00:23'),(163,6,'01:30:00','15:16:00','2021-01-07 17:00:23','2021-01-07 17:00:23'),(164,4,'00:23:00','07:31:00','2021-01-07 17:00:23','2021-01-07 17:00:23'),(165,5,'06:52:00','00:37:00','2021-01-07 17:00:23','2021-01-07 17:00:23'),(166,6,'10:31:00','14:32:00','2021-01-07 17:00:23','2021-01-07 17:00:23'),(167,5,'00:20:00','07:04:00','2021-01-07 17:00:23','2021-01-07 17:00:23'),(168,5,'12:27:00','02:34:00','2021-01-07 17:00:23','2021-01-07 17:00:23'),(169,5,'17:05:00','08:28:00','2021-01-07 17:00:23','2021-01-07 17:00:23'),(170,2,'21:13:00','19:34:00','2021-01-07 17:00:23','2021-01-07 17:00:23'),(171,6,'19:56:00','02:01:00','2021-01-07 17:00:23','2021-01-07 17:00:23'),(172,6,'01:46:00','07:24:00','2021-01-07 17:00:23','2021-01-07 17:00:23'),(173,4,'17:00:00','15:48:00','2021-01-07 17:00:23','2021-01-07 17:00:23'),(174,2,'16:44:00','01:59:00','2021-01-07 17:00:23','2021-01-07 17:00:23'),(175,2,'19:59:00','14:04:00','2021-01-07 17:00:23','2021-01-07 17:00:23'),(176,7,'08:25:00','06:24:00','2021-01-07 17:00:23','2021-01-07 17:00:23'),(177,7,'15:37:00','00:00:00','2021-01-07 17:00:23','2021-01-07 17:00:23'),(178,3,'08:25:00','00:45:00','2021-01-07 17:00:23','2021-01-07 17:00:23'),(179,3,'20:51:00','22:42:00','2021-01-07 17:00:23','2021-01-07 17:00:23'),(180,4,'16:41:00','14:32:00','2021-01-07 17:00:23','2021-01-07 17:00:23'),(181,4,'05:14:00','16:03:00','2021-01-07 17:00:23','2021-01-07 17:00:23'),(182,5,'10:00:00','05:07:00','2021-01-07 17:00:23','2021-01-07 17:00:23'),(183,5,'07:36:00','04:49:00','2021-01-07 17:00:23','2021-01-07 17:00:23'),(184,4,'05:52:00','03:33:00','2021-01-07 17:00:23','2021-01-07 17:00:23'),(185,1,'23:16:00','23:51:00','2021-01-07 17:00:23','2021-01-07 17:00:23'),(186,5,'18:01:00','03:55:00','2021-01-07 17:00:23','2021-01-07 17:00:23'),(187,1,'12:21:00','12:21:00','2021-01-07 17:00:23','2021-01-07 17:00:23'),(188,3,'03:46:00','20:57:00','2021-01-07 17:00:23','2021-01-07 17:00:23'),(189,5,'22:48:00','13:41:00','2021-01-07 17:00:23','2021-01-07 17:00:23'),(190,3,'14:47:00','09:31:00','2021-01-07 17:00:23','2021-01-07 17:00:23'),(191,3,'10:27:00','13:43:00','2021-01-07 17:00:23','2021-01-07 17:00:23'),(192,7,'12:40:00','00:28:00','2021-01-07 17:00:23','2021-01-07 17:00:23'),(193,4,'22:12:00','16:20:00','2021-01-07 17:00:23','2021-01-07 17:00:23'),(194,7,'20:27:00','19:15:00','2021-01-07 17:00:23','2021-01-07 17:00:23'),(195,2,'03:04:00','16:05:00','2021-01-07 17:00:23','2021-01-07 17:00:23'),(196,4,'09:31:00','05:31:00','2021-01-07 17:00:23','2021-01-07 17:00:23'),(197,6,'10:44:00','00:27:00','2021-01-07 17:00:23','2021-01-07 17:00:23'),(198,5,'20:15:00','08:04:00','2021-01-07 17:00:23','2021-01-07 17:00:23'),(199,2,'08:31:00','17:41:00','2021-01-07 17:00:23','2021-01-07 17:00:23'),(200,5,'13:04:00','00:33:00','2021-01-07 17:00:23','2021-01-07 17:00:23'),(201,3,'21:22:00','21:33:00','2021-01-07 17:00:23','2021-01-07 17:00:23'),(202,6,'06:14:00','13:57:00','2021-01-07 17:00:23','2021-01-07 17:00:23'),(203,2,'13:34:00','03:44:00','2021-01-07 17:00:23','2021-01-07 17:00:23'),(204,2,'00:55:00','02:30:00','2021-01-07 17:00:23','2021-01-07 17:00:23'),(205,3,'06:56:00','03:02:00','2021-01-07 17:00:23','2021-01-07 17:00:23'),(206,6,'18:02:00','14:28:00','2021-01-07 17:00:23','2021-01-07 17:00:23'),(207,4,'10:40:00','01:49:00','2021-01-07 17:00:23','2021-01-07 17:00:23'),(208,4,'03:15:00','05:56:00','2021-01-07 17:00:23','2021-01-07 17:00:23'),(209,1,'06:43:00','05:54:00','2021-01-07 17:00:23','2021-01-07 17:00:23'),(210,2,'04:28:00','09:21:00','2021-01-07 17:00:23','2021-01-07 17:00:23'),(211,1,'12:19:00','10:10:00','2021-01-07 17:00:23','2021-01-07 17:00:23'),(212,2,'00:32:00','16:13:00','2021-01-07 17:00:23','2021-01-07 17:00:23'),(213,4,'00:07:00','14:11:00','2021-01-07 17:00:23','2021-01-07 17:00:23'),(214,4,'18:41:00','11:53:00','2021-01-07 17:00:23','2021-01-07 17:00:23'),(215,5,'14:06:00','18:28:00','2021-01-07 17:00:23','2021-01-07 17:00:23'),(216,5,'00:36:00','19:10:00','2021-01-07 17:00:23','2021-01-07 17:00:23'),(217,6,'02:43:00','20:03:00','2021-01-07 17:00:23','2021-01-07 17:00:23'),(218,7,'16:17:00','03:34:00','2021-01-07 17:00:23','2021-01-07 17:00:23'),(219,4,'19:50:00','17:38:00','2021-01-07 17:00:23','2021-01-07 17:00:23'),(220,7,'11:25:00','17:03:00','2021-01-07 17:00:23','2021-01-07 17:00:23'),(221,1,'20:00:00','07:47:00','2021-01-07 17:00:23','2021-01-07 17:00:23'),(222,2,'03:35:00','12:09:00','2021-01-07 17:00:23','2021-01-07 17:00:23'),(223,3,'23:22:00','09:58:00','2021-01-07 17:00:23','2021-01-07 17:00:23'),(224,5,'10:09:00','03:22:00','2021-01-07 17:00:23','2021-01-07 17:00:23'),(225,2,'01:13:00','19:43:00','2021-01-07 17:00:23','2021-01-07 17:00:23'),(226,1,'01:26:00','14:38:00','2021-01-07 17:00:23','2021-01-07 17:00:23'),(227,1,'06:34:00','02:08:00','2021-01-07 17:00:23','2021-01-07 17:00:23'),(228,3,'19:03:00','02:21:00','2021-01-07 17:00:23','2021-01-07 17:00:23'),(229,6,'08:42:00','17:49:00','2021-01-07 17:00:23','2021-01-07 17:00:23'),(230,3,'00:57:00','07:11:00','2021-01-07 17:00:23','2021-01-07 17:00:23'),(231,2,'15:48:00','03:35:00','2021-01-07 17:00:23','2021-01-07 17:00:23'),(232,4,'04:21:00','06:04:00','2021-01-07 17:00:23','2021-01-07 17:00:23'),(233,6,'00:43:00','22:40:00','2021-01-07 17:00:23','2021-01-07 17:00:23'),(234,2,'00:06:00','17:58:00','2021-01-07 17:00:23','2021-01-07 17:00:23'),(235,5,'22:20:00','13:02:00','2021-01-07 17:00:23','2021-01-07 17:00:23'),(236,1,'05:49:00','17:37:00','2021-01-07 17:00:23','2021-01-07 17:00:23'),(237,5,'20:33:00','13:14:00','2021-01-07 17:00:23','2021-01-07 17:00:23'),(238,5,'00:45:00','09:49:00','2021-01-07 17:00:23','2021-01-07 17:00:23'),(239,6,'08:09:00','19:05:00','2021-01-07 17:00:23','2021-01-07 17:00:23'),(240,1,'04:38:00','00:20:00','2021-01-07 17:00:23','2021-01-07 17:00:23'),(241,7,'12:34:00','12:20:00','2021-01-07 17:00:23','2021-01-07 17:00:23'),(242,2,'00:26:00','14:18:00','2021-01-07 17:00:23','2021-01-07 17:00:23'),(243,5,'20:07:00','11:22:00','2021-01-07 17:00:23','2021-01-07 17:00:23'),(244,2,'23:25:00','01:57:00','2021-01-07 17:00:23','2021-01-07 17:00:23'),(245,3,'18:23:00','09:17:00','2021-01-07 17:00:23','2021-01-07 17:00:23'),(246,2,'15:48:00','05:18:00','2021-01-07 17:00:23','2021-01-07 17:00:23'),(247,2,'18:22:00','21:04:00','2021-01-07 17:00:23','2021-01-07 17:00:23'),(248,2,'12:40:00','20:46:00','2021-01-07 17:00:23','2021-01-07 17:00:23'),(249,6,'22:44:00','11:09:00','2021-01-07 17:00:23','2021-01-07 17:00:23'),(250,4,'00:00:00','01:36:00','2021-01-07 17:00:23','2021-01-07 17:00:23'),(251,1,'03:00:00','06:44:00','2021-01-07 17:00:23','2021-01-07 17:00:23'),(252,5,'14:45:00','02:07:00','2021-01-07 17:00:23','2021-01-07 17:00:23'),(253,3,'19:03:00','01:15:00','2021-01-07 17:00:23','2021-01-07 17:00:23'),(254,4,'15:41:00','13:24:00','2021-01-07 17:00:23','2021-01-07 17:00:23'),(255,7,'19:44:00','13:15:00','2021-01-07 17:00:23','2021-01-07 17:00:23'),(256,5,'08:27:00','11:50:00','2021-01-07 17:00:23','2021-01-07 17:00:23'),(257,4,'11:02:00','04:50:00','2021-01-07 17:00:23','2021-01-07 17:00:23'),(258,3,'21:54:00','20:29:00','2021-01-07 17:00:23','2021-01-07 17:00:23'),(259,6,'05:06:00','01:40:00','2021-01-07 17:00:23','2021-01-07 17:00:23'),(260,6,'13:32:00','11:00:00','2021-01-07 17:00:23','2021-01-07 17:00:23'),(261,7,'19:17:00','05:15:00','2021-01-07 17:00:23','2021-01-07 17:00:23'),(262,2,'00:12:00','04:04:00','2021-01-07 17:00:38','2021-01-07 17:00:38'),(263,3,'05:39:00','00:57:00','2021-01-07 17:00:38','2021-01-07 17:00:38'),(264,1,'10:45:00','07:38:00','2021-01-07 17:00:38','2021-01-07 17:00:38'),(265,2,'23:09:00','07:22:00','2021-01-07 17:00:39','2021-01-07 17:00:39'),(266,5,'10:38:00','11:52:00','2021-01-07 17:00:39','2021-01-07 17:00:39'),(267,6,'19:02:00','00:14:00','2021-01-07 17:00:39','2021-01-07 17:00:39'),(268,1,'08:06:00','00:31:00','2021-01-07 17:00:39','2021-01-07 17:00:39'),(269,7,'08:16:00','22:07:00','2021-01-07 17:00:39','2021-01-07 17:00:39'),(270,7,'04:13:00','02:34:00','2021-01-07 17:00:39','2021-01-07 17:00:39'),(271,7,'22:45:00','17:43:00','2021-01-07 17:00:39','2021-01-07 17:00:39'),(272,2,'05:15:00','16:40:00','2021-01-07 17:00:39','2021-01-07 17:00:39'),(273,4,'23:27:00','03:00:00','2021-01-07 17:00:39','2021-01-07 17:00:39'),(274,3,'02:23:00','16:43:00','2021-01-07 17:00:39','2021-01-07 17:00:39'),(275,5,'19:22:00','09:44:00','2021-01-07 17:00:39','2021-01-07 17:00:39'),(276,3,'17:43:00','10:30:00','2021-01-07 17:00:39','2021-01-07 17:00:39'),(277,4,'02:07:00','06:34:00','2021-01-07 17:00:39','2021-01-07 17:00:39'),(278,7,'10:08:00','13:18:00','2021-01-07 17:00:39','2021-01-07 17:00:39'),(279,3,'07:02:00','05:00:00','2021-01-07 17:00:39','2021-01-07 17:00:39'),(280,6,'05:23:00','04:16:00','2021-01-07 17:00:39','2021-01-07 17:00:39'),(281,2,'08:44:00','09:36:00','2021-01-07 17:00:39','2021-01-07 17:00:39'),(282,2,'09:11:00','01:09:00','2021-01-07 17:00:39','2021-01-07 17:00:39'),(283,5,'01:21:00','20:41:00','2021-01-07 17:00:39','2021-01-07 17:00:39'),(284,4,'08:57:00','13:48:00','2021-01-07 17:00:39','2021-01-07 17:00:39'),(285,2,'06:56:00','23:40:00','2021-01-07 17:00:39','2021-01-07 17:00:39'),(286,6,'06:45:00','02:41:00','2021-01-07 17:00:39','2021-01-07 17:00:39'),(298,2,'03:50:00','15:29:00','2021-01-07 17:00:39','2021-01-07 17:00:39'),(299,5,'15:59:00','20:03:00','2021-01-07 17:00:39','2021-01-07 17:00:39'),(300,4,'15:29:00','14:41:00','2021-01-07 17:00:39','2021-01-07 17:00:39'),(301,6,'16:52:00','16:06:00','2021-01-07 17:00:39','2021-01-07 17:00:39'),(302,1,'15:13:00','22:53:00','2021-01-07 17:00:39','2021-01-07 17:00:39'),(303,2,'18:37:00','17:09:00','2021-01-07 17:00:39','2021-01-07 17:00:39'),(304,3,'01:58:00','16:25:00','2021-01-07 17:00:39','2021-01-07 17:00:39'),(305,2,'06:02:00','03:28:00','2021-01-07 17:00:39','2021-01-07 17:00:39'),(306,2,'09:26:00','20:55:00','2021-01-07 17:00:39','2021-01-07 17:00:39'),(307,3,'16:34:00','04:01:00','2021-01-07 17:00:39','2021-01-07 17:00:39'),(308,2,'03:37:00','00:20:00','2021-01-07 17:00:39','2021-01-07 17:00:39'),(309,3,'14:30:00','16:00:00','2021-01-07 17:00:39','2021-01-07 17:00:39'),(310,1,'23:30:00','15:19:00','2021-01-07 17:00:39','2021-01-07 17:00:39'),(311,7,'15:39:00','14:56:00','2021-01-07 17:00:39','2021-01-07 17:00:39'),(312,2,'21:41:00','15:20:00','2021-01-07 17:00:39','2021-01-07 17:00:39'),(313,4,'06:06:00','11:11:00','2021-01-07 17:00:39','2021-01-07 17:00:39'),(314,1,'16:28:00','17:58:00','2021-01-07 17:00:39','2021-01-07 17:00:39'),(315,4,'16:57:00','16:45:00','2021-01-07 17:00:39','2021-01-07 17:00:39'),(316,3,'16:23:00','14:59:00','2021-01-07 17:00:39','2021-01-07 17:00:39'),(317,3,'09:54:00','11:18:00','2021-01-07 17:00:39','2021-01-07 17:00:39'),(318,1,'05:51:00','02:39:00','2021-01-07 17:00:39','2021-01-07 17:00:39'),(319,6,'08:29:00','21:36:00','2021-01-07 17:00:39','2021-01-07 17:00:39'),(320,4,'05:37:00','07:23:00','2021-01-07 17:00:39','2021-01-07 17:00:39'),(321,2,'12:50:00','02:51:00','2021-01-07 17:00:39','2021-01-07 17:00:39'),(322,4,'04:17:00','05:02:00','2021-01-07 17:00:39','2021-01-07 17:00:39'),(323,7,'23:38:00','19:41:00','2021-01-07 17:00:39','2021-01-07 17:00:39'),(324,7,'02:05:00','23:14:00','2021-01-07 17:00:39','2021-01-07 17:00:39'),(325,4,'00:58:00','15:51:00','2021-01-07 17:00:39','2021-01-07 17:00:39'),(326,5,'00:35:00','01:46:00','2021-01-07 17:00:39','2021-01-07 17:00:39'),(327,5,'21:43:00','00:02:00','2021-01-07 17:00:39','2021-01-07 17:00:39'),(328,1,'13:21:00','16:46:00','2021-01-07 17:00:39','2021-01-07 17:00:39'),(329,1,'07:24:00','19:58:00','2021-01-07 17:00:39','2021-01-07 17:00:39'),(330,5,'05:30:00','09:09:00','2021-01-07 17:00:39','2021-01-07 17:00:39'),(331,7,'21:19:00','21:13:00','2021-01-07 17:00:39','2021-01-07 17:00:39'),(332,6,'10:49:00','06:12:00','2021-01-07 17:00:39','2021-01-07 17:00:39'),(333,4,'07:32:00','11:37:00','2021-01-07 17:00:39','2021-01-07 17:00:39'),(334,4,'22:18:00','18:19:00','2021-01-07 17:00:39','2021-01-07 17:00:39'),(335,2,'00:40:00','12:09:00','2021-01-07 17:00:39','2021-01-07 17:00:39'),(336,5,'00:58:00','23:58:00','2021-01-07 17:00:39','2021-01-07 17:00:39'),(337,5,'22:33:00','07:59:00','2021-01-07 17:00:39','2021-01-07 17:00:39'),(338,7,'14:53:00','01:49:00','2021-01-07 17:00:39','2021-01-07 17:00:39'),(339,1,'00:19:00','23:56:00','2021-01-07 17:00:39','2021-01-07 17:00:39'),(340,4,'16:57:00','15:21:00','2021-01-07 17:00:39','2021-01-07 17:00:39'),(341,6,'04:42:00','08:26:00','2021-01-07 17:00:39','2021-01-07 17:00:39'),(342,6,'17:23:00','20:20:00','2021-01-07 17:00:39','2021-01-07 17:00:39'),(343,1,'15:44:00','15:35:00','2021-01-07 17:00:39','2021-01-07 17:00:39'),(344,2,'15:52:00','16:58:00','2021-01-07 17:00:39','2021-01-07 17:00:39'),(345,2,'12:38:00','23:03:00','2021-01-07 17:00:39','2021-01-07 17:00:39'),(346,2,'20:39:00','10:39:00','2021-01-07 17:00:39','2021-01-07 17:00:39'),(347,1,'08:14:00','07:32:00','2021-01-07 17:00:39','2021-01-07 17:00:39'),(348,5,'08:11:00','06:54:00','2021-01-07 17:00:39','2021-01-07 17:00:39'),(349,2,'14:16:00','10:18:00','2021-01-07 17:00:39','2021-01-07 17:00:39'),(350,1,'02:35:00','12:17:00','2021-01-07 17:00:39','2021-01-07 17:00:39'),(351,5,'21:31:00','11:16:00','2021-01-07 17:00:39','2021-01-07 17:00:39'),(352,5,'00:51:00','02:57:00','2021-01-07 17:00:39','2021-01-07 17:00:39'),(357,6,'18:14:00','10:54:00','2021-01-07 17:00:39','2021-01-07 17:00:39'),(358,3,'18:49:00','03:05:00','2021-01-07 17:00:39','2021-01-07 17:00:39'),(359,3,'00:06:00','02:11:00','2021-01-07 17:00:39','2021-01-07 17:00:39'),(360,5,'04:36:00','06:44:00','2021-01-07 17:00:39','2021-01-07 17:00:39'),(361,1,'00:28:00','10:14:00','2021-01-07 17:00:39','2021-01-07 17:00:39'),(362,7,'08:06:00','03:40:00','2021-01-07 17:00:39','2021-01-07 17:00:39'),(363,1,'20:45:00','12:22:00','2021-01-07 17:00:39','2021-01-07 17:00:39'),(364,7,'23:04:00','00:23:00','2021-01-07 17:00:39','2021-01-07 17:00:39'),(365,4,'21:22:00','13:09:00','2021-01-07 17:00:39','2021-01-07 17:00:39'),(366,5,'13:45:00','04:27:00','2021-01-07 17:00:39','2021-01-07 17:00:39'),(367,2,'23:52:00','10:57:00','2021-01-07 17:00:39','2021-01-07 17:00:39'),(372,3,'12:12:00','10:08:00','2021-01-07 17:00:39','2021-01-07 17:00:39'),(373,3,'23:10:00','03:14:00','2021-01-07 17:00:39','2021-01-07 17:00:39'),(374,1,'01:58:00','02:09:00','2021-01-07 17:00:39','2021-01-07 17:00:39'),(375,7,'11:36:00','14:50:00','2021-01-07 17:00:39','2021-01-07 17:00:39'),(376,2,'23:46:00','03:48:00','2021-01-07 17:00:39','2021-01-07 17:00:39'),(377,2,'00:00:00','02:42:00','2021-01-07 17:00:39','2021-01-07 17:00:39'),(378,5,'11:54:00','09:18:00','2021-01-07 17:00:39','2021-01-07 17:00:39'),(379,1,'00:38:00','14:23:00','2021-01-07 17:00:39','2021-01-07 17:00:39'),(380,2,'19:11:00','01:15:00','2021-01-07 17:00:39','2021-01-07 17:00:39'),(381,4,'21:48:00','13:59:00','2021-01-07 17:00:39','2021-01-07 17:00:39'),(382,3,'20:50:00','16:16:00','2021-01-07 17:00:39','2021-01-07 17:00:39'),(384,5,'00:29:00','13:43:00','2021-01-07 17:00:39','2021-01-07 17:00:39'),(385,5,'09:57:00','00:38:00','2021-01-07 17:00:39','2021-01-07 17:00:39'),(386,7,'07:02:00','21:15:00','2021-01-07 17:00:39','2021-01-07 17:00:39'),(387,3,'03:26:00','11:49:00','2021-01-07 17:00:39','2021-01-07 17:00:39'),(388,2,'05:21:00','09:48:00','2021-01-07 17:00:39','2021-01-07 17:00:39'),(389,2,'17:17:00','21:43:00','2021-01-07 17:00:39','2021-01-07 17:00:39'),(390,1,'11:49:00','02:41:00','2021-01-07 17:00:39','2021-01-07 17:00:39'),(391,1,'08:05:00','02:41:00','2021-01-07 17:00:39','2021-01-07 17:00:39'),(392,7,'22:31:00','02:18:00','2021-01-07 17:00:39','2021-01-07 17:00:39'),(401,1,'11:54:00','08:30:00','2021-01-07 17:00:39','2021-01-07 17:00:39'),(402,1,'23:08:00','14:33:00','2021-01-07 17:00:39','2021-01-07 17:00:39'),(403,5,'12:35:00','07:18:00','2021-01-07 17:00:39','2021-01-07 17:00:39'),(404,3,'01:15:00','20:57:00','2021-01-07 17:00:39','2021-01-07 17:00:39'),(405,4,'20:06:00','20:46:00','2021-01-07 17:00:39','2021-01-07 17:00:39'),(406,3,'00:28:00','03:29:00','2021-01-07 17:00:39','2021-01-07 17:00:39'),(407,4,'14:29:00','06:09:00','2021-01-07 17:00:39','2021-01-07 17:00:39'),(408,6,'17:09:00','10:41:00','2021-01-07 17:00:39','2021-01-07 17:00:39'),(409,1,'20:11:00','14:13:00','2021-01-07 17:00:39','2021-01-07 17:00:39'),(410,2,'18:03:00','19:26:00','2021-01-07 17:00:39','2021-01-07 17:00:39'),(411,4,'12:42:00','17:03:00','2021-01-07 17:00:39','2021-01-07 17:00:39'),(412,2,'14:35:00','01:10:00','2021-01-07 17:00:39','2021-01-07 17:00:39'),(413,3,'14:50:00','05:43:00','2021-01-07 17:00:39','2021-01-07 17:00:39'),(414,4,'22:55:00','17:00:00','2021-01-07 17:00:39','2021-01-07 17:00:39'),(415,6,'20:07:00','12:24:00','2021-01-07 17:00:39','2021-01-07 17:00:39'),(416,7,'20:15:00','21:15:00','2021-01-07 17:00:39','2021-01-07 17:00:39'),(417,7,'07:16:00','09:11:00','2021-01-07 17:00:39','2021-01-07 17:00:39'),(418,2,'06:30:00','22:55:00','2021-01-07 17:00:39','2021-01-07 17:00:39'),(419,1,'18:00:00','12:52:00','2021-01-07 17:00:39','2021-01-07 17:00:39'),(424,3,'23:18:00','02:14:00','2021-01-07 17:00:39','2021-01-07 17:00:39'),(425,6,'07:14:00','12:47:00','2021-01-07 17:00:39','2021-01-07 17:00:39'),(426,1,'12:00:00','22:00:00','2021-01-24 15:14:48','2021-01-24 15:14:48'),(427,2,'12:00:00','22:00:00','2021-01-24 15:14:48','2021-01-24 15:14:48'),(428,3,'12:00:00','22:00:00','2021-01-24 15:14:48','2021-01-24 15:14:48'),(429,4,'12:00:00','22:00:00','2021-01-24 15:14:48','2021-01-24 15:14:48'),(430,5,'12:00:00','22:00:00','2021-01-24 15:14:48','2021-01-24 15:14:48'),(431,6,'12:00:00','22:00:00','2021-01-24 15:14:48','2021-01-24 15:14:48'),(432,7,'12:00:00','22:00:00','2021-01-24 15:14:48','2021-01-24 15:14:48');
/*!40000 ALTER TABLE `ouverture` ENABLE KEYS */;
UNLOCK TABLES;

--
-- Table structure for table `sous_categorie`
--

DROP TABLE IF EXISTS `sous_categorie`;
/*!40101 SET @saved_cs_client     = @@character_set_client */;
/*!40101 SET character_set_client = utf8 */;
CREATE TABLE `sous_categorie` (
  `id` int(11) NOT NULL AUTO_INCREMENT,
  `categorie_id` int(11) NOT NULL,
  `assoc_id` int(10) unsigned DEFAULT NULL,
  `nom` varchar(255) COLLATE utf8mb4_unicode_ci NOT NULL,
  PRIMARY KEY (`id`),
  KEY `IDX_52743D7BBCF5E72D` (`categorie_id`),
  KEY `IDX_52743D7B82A46EC6` (`assoc_id`),
  CONSTRAINT `FK_52743D7B82A46EC6` FOREIGN KEY (`assoc_id`) REFERENCES `assoc` (`id`) ON DELETE CASCADE,
  CONSTRAINT `FK_52743D7BBCF5E72D` FOREIGN KEY (`categorie_id`) REFERENCES `categorie` (`id`) ON DELETE CASCADE
) ENGINE=InnoDB AUTO_INCREMENT=35 DEFAULT CHARSET=utf8mb4 COLLATE=utf8mb4_unicode_ci;
/*!40101 SET character_set_client = @saved_cs_client */;

--
-- Dumping data for table `sous_categorie`
--

LOCK TABLES `sous_categorie` WRITE;
/*!40000 ALTER TABLE `sous_categorie` DISABLE KEYS */;
INSERT INTO `sous_categorie` VALUES (6,11,NULL,'Petits-déjeuners'),(7,11,NULL,'Repas midi'),(8,11,NULL,'Repas soir'),(9,11,NULL,'Colis'),(10,11,NULL,'Epicerie sociale'),(11,12,NULL,'Toilettes'),(12,12,NULL,'Douche'),(13,12,NULL,'Tampons/ Serviettes'),(14,12,NULL,'Produits d\'hygiène'),(15,12,NULL,'Contraception (pilule, préservatif, etc.)'),(16,12,NULL,'Masque'),(17,12,NULL,'Gel hydroalcoolique'),(18,12,NULL,'Machine à laver'),(19,14,NULL,'Consultations gratuites'),(20,14,NULL,'Psychologues gratuits'),(21,14,NULL,'Pharmacies (de gardes)'),(22,14,NULL,'Dépistage/ Vaccination'),(23,14,NULL,'Addictions/ Toxicomanie'),(24,16,NULL,'Permanences'),(25,16,NULL,'Croquettes'),(26,16,NULL,'Chenil'),(27,17,NULL,'Wifi gratuite'),(28,17,NULL,'Accès à un ordinateur'),(29,18,NULL,'Refaire sa carte d\'identité'),(30,18,NULL,'Domiciliation'),(31,18,NULL,'Demande de RSA'),(32,18,NULL,'Demande VISA/ Asile/ Titre de séjour'),(33,19,NULL,'Cours de français'),(34,19,NULL,'Cours d\'alphabétisation');
/*!40000 ALTER TABLE `sous_categorie` ENABLE KEYS */;
UNLOCK TABLES;

--
-- Table structure for table `user`
--

DROP TABLE IF EXISTS `user`;
/*!40101 SET @saved_cs_client     = @@character_set_client */;
/*!40101 SET character_set_client = utf8 */;
CREATE TABLE `user` (
  `id` int(11) NOT NULL AUTO_INCREMENT,
  `username` varchar(180) COLLATE utf8mb4_unicode_ci NOT NULL,
  `username_canonical` varchar(180) COLLATE utf8mb4_unicode_ci NOT NULL,
  `email` varchar(180) COLLATE utf8mb4_unicode_ci NOT NULL,
  `email_canonical` varchar(180) COLLATE utf8mb4_unicode_ci NOT NULL,
  `enabled` tinyint(1) NOT NULL,
  `salt` varchar(255) COLLATE utf8mb4_unicode_ci DEFAULT NULL,
  `password` varchar(255) COLLATE utf8mb4_unicode_ci NOT NULL,
  `last_login` datetime DEFAULT NULL,
  `confirmation_token` varchar(180) COLLATE utf8mb4_unicode_ci DEFAULT NULL,
  `password_requested_at` datetime DEFAULT NULL,
  `roles` longtext COLLATE utf8mb4_unicode_ci NOT NULL COMMENT '(DC2Type:array)',
  `lastname` varchar(45) COLLATE utf8mb4_unicode_ci DEFAULT 'NULL',
  `firstname` varchar(45) COLLATE utf8mb4_unicode_ci DEFAULT 'NULL',
  `age` int(10) unsigned DEFAULT NULL,
  `gender` varchar(45) COLLATE utf8mb4_unicode_ci DEFAULT 'NULL',
  `region` int(11) DEFAULT NULL,
  `newsletter` tinyint(1) DEFAULT '0',
  `created_at` datetime NOT NULL,
  `updated_at` datetime NOT NULL,
  PRIMARY KEY (`id`),
  UNIQUE KEY `UNIQ_8D93D64992FC23A8` (`username_canonical`),
  UNIQUE KEY `UNIQ_8D93D649A0D96FBF` (`email_canonical`),
  UNIQUE KEY `UNIQ_8D93D649C05FB297` (`confirmation_token`)
) ENGINE=InnoDB AUTO_INCREMENT=3 DEFAULT CHARSET=utf8mb4 COLLATE=utf8mb4_unicode_ci;
/*!40101 SET character_set_client = @saved_cs_client */;

--
-- Dumping data for table `user`
--

LOCK TABLES `user` WRITE;
/*!40000 ALTER TABLE `user` DISABLE KEYS */;
INSERT INTO `user` VALUES (2,'admin','admin','info@connectx.fr','info@connectx.fr',1,'JbwdZzOI2hWcYPOfvX1lzaTLIBOE..DvhKKw.oMNA2w','$2y$13$QqYYJ8Jma1Lik/5KwRSgnOBAdHLDTIZdl0i9Bg.GRmoaWTcywCPje','2021-08-25 15:44:44',NULL,NULL,'a:1:{i:0;s:10:\"ROLE_ADMIN\";}',NULL,NULL,NULL,NULL,NULL,NULL,'2021-01-07 16:56:20','2021-08-25 15:44:44');
/*!40000 ALTER TABLE `user` ENABLE KEYS */;
UNLOCK TABLES;

--
-- Table structure for table `ville`
--

DROP TABLE IF EXISTS `ville`;
/*!40101 SET @saved_cs_client     = @@character_set_client */;
/*!40101 SET character_set_client = utf8 */;
CREATE TABLE `ville` (
  `id` int(10) unsigned NOT NULL AUTO_INCREMENT,
  `nom` varchar(64) COLLATE utf8mb4_unicode_ci NOT NULL,
  `created_at` datetime NOT NULL,
  `updated_at` datetime NOT NULL,
  PRIMARY KEY (`id`),
  UNIQUE KEY `UNIQ_43C3D9C36C6E55B5` (`nom`)
) ENGINE=InnoDB AUTO_INCREMENT=5 DEFAULT CHARSET=utf8mb4 COLLATE=utf8mb4_unicode_ci;
/*!40101 SET character_set_client = @saved_cs_client */;

--
-- Dumping data for table `ville`
--

LOCK TABLES `ville` WRITE;
/*!40000 ALTER TABLE `ville` DISABLE KEYS */;
INSERT INTO `ville` VALUES (3,'Toulouse','2021-01-07 16:58:56','2021-01-07 16:58:56'),(4,'Montpellier','2021-01-07 16:58:56','2021-01-07 16:58:56');
/*!40000 ALTER TABLE `ville` ENABLE KEYS */;
UNLOCK TABLES;
/*!40103 SET TIME_ZONE=@OLD_TIME_ZONE */;

/*!40101 SET SQL_MODE=@OLD_SQL_MODE */;
/*!40014 SET FOREIGN_KEY_CHECKS=@OLD_FOREIGN_KEY_CHECKS */;
/*!40014 SET UNIQUE_CHECKS=@OLD_UNIQUE_CHECKS */;
/*!40101 SET CHARACTER_SET_CLIENT=@OLD_CHARACTER_SET_CLIENT */;
/*!40101 SET CHARACTER_SET_RESULTS=@OLD_CHARACTER_SET_RESULTS */;
/*!40101 SET COLLATION_CONNECTION=@OLD_COLLATION_CONNECTION */;
/*!40111 SET SQL_NOTES=@OLD_SQL_NOTES */;

-- Dump completed on 2021-08-25 15:06:31
